Customer_ID,Customer_Name
1,Laura Obrien
2,Anthony Huff
3,Michael Williams
4,Heather Rodriguez
5,April Leonard
6,Rachel Maynard
7,Phillip Goodman
8,Dr. Kim Hudson DVM
9,Adam Craig
10,Sharon Miller
11,Samantha Bowers
12,Robin Campos
13,Nichole Williams
14,Monica Castillo
15,Teresa Rodriguez
16,Chad Walker
17,Gregory Goodwin
18,Leslie Rivera
19,Danielle Parker
20,Jonathan Sexton
21,Robert Reed
22,Grace Ibarra
23,Angela Buchanan
24,Cindy Buckley
25,Ronald Myers
26,Caleb Wilson
27,Carol Robinson
28,Jonathan Smith
29,Gary White
30,Cheryl Williams
31,James Pham
32,April Chapman
33,John Waters
34,Michael Murphy
35,Cynthia Lewis
36,Nicole Howard
37,Dawn Smith
38,Ricardo Burgess
39,Frederick Marshall
40,Theresa Mathis
41,Felicia Adams
42,Christina Skinner
43,Ryan Friedman
44,Donald Campbell
45,David Evans
46,Monique Franklin
47,Peter Perez
48,Hannah Sanchez
49,Victoria Long
50,Lisa Taylor
51,James Gallegos
52,Teresa Callahan
53,Jason Taylor
54,Franklin Walsh
55,Jill Farrell
56,Nicole Alexander
57,Heather Vang
58,Ashley Caldwell
59,Cindy Patterson
60,Meredith Huffman
61,Francisco Moore
62,Marie Adams
63,Anna Peterson
64,David Bradley
65,Katie Parker
66,Anthony Martin
67,Kathy Allen
68,Virginia Daniel
69,Lori Mckinney
70,Beverly Carpenter
71,Robert Adams
72,David Jenkins
73,Andrea Haynes
74,Stacy Johnson
75,Brandon Shannon
76,Jermaine Rivers Jr.
77,April Luna
78,Dylan Johnson
79,Brandi Chambers
80,Eric Lopez
81,Jillian Wilson
82,Richard Thompson
83,Amanda Parsons
84,John Brown
85,Austin Navarro
86,Jenna Martin
87,Marvin Taylor
88,Troy York
89,Tina Newman
90,Tamara Vazquez
91,Gabriel Cline
92,Arthur Underwood
93,Audrey Smith
94,Kristin Henderson
95,Daniel Delacruz
96,Brian Davis
97,Anna Chambers
98,Ashley Johnston
99,Aaron Salinas
100,Christopher Wright
101,Shawn Ellison
102,Darin Marsh
103,Christine Bailey
104,Belinda Hale
105,Rebecca Cummings
106,Allen Werner
107,Paul Howe
108,Jackson Ryan
109,Jennifer Sullivan
110,Carmen Harvey
111,Mark Short
112,Mr. Mario Simpson
113,Amanda Harrington
114,Ashley Bell
115,Nichole Anderson
116,Mr. Rodney Clark
117,Douglas Wood
118,Brandon Walters
119,James Rodriguez
120,Lisa Rogers
121,Matthew Lewis
122,Natasha Martin
123,Lindsay Conner
124,Eric Johnson
125,Gary Glass
126,Mary Lawson
127,Michelle Tanner
128,Rebecca Rodriguez
129,Jessica Ryan
130,Jonathan Little
131,James Klein
132,Christopher Ortiz
133,Deborah George
134,Juan Hughes
135,Kelsey Nguyen
136,Steve Reeves
137,Jamie Gonzalez
138,Jennifer Williams
139,Isaac Becker
140,Stanley Mann
141,Kenneth Duncan
142,Vanessa Sampson
143,Destiny Miles
144,Roy Murillo
145,Dorothy Gonzalez
146,Mary Boyd
147,John Anderson
148,Andrew Alexander
149,Patrick Thompson
150,Sara Roy
151,Jill Peterson
152,Michael Riggs
153,Sandy Clark
154,Carlos Ho
155,Joshua Whitaker
156,Joshua Johnson
157,Ashlee Roberts
158,Justin Pugh
159,Sarah Patton
160,Diane Farmer
161,Joshua Lewis
162,Tyler Hebert
163,John Walsh
164,Kyle Adams
165,Emily Wright
166,Ashley Michael
167,Emily Torres
168,Larry Ramsey
169,Jesus Foster
170,Christopher Nixon
171,Curtis Anderson
172,Melissa Padilla
173,Amber Miller
174,Christopher Jackson
175,Isabel Ramos
176,Karen Bass
177,Samuel Mclaughlin
178,Ronald Stout
179,Ann Zamora
180,Vanessa Walker
181,Julie Wright
182,Carrie Jordan
183,Sonya Alvarez
184,Johnny Chung
185,Monique Ayala
186,Laura Brewer
187,Crystal Potts
188,Samantha Torres
189,Donald Beard
190,Cynthia Johnson
191,Heidi Knight
192,James Davidson
193,Nathan Key
194,Alexandra Sanchez
195,Terry Kelly II
196,Aaron Smith
197,Charles Campbell
198,Monique Gutierrez PhD
199,Joseph Miller
200,Jason Mason
201,Kyle Gomez
202,Paul Sampson
203,Eric Reed
204,Cindy Drake
205,William Williams
206,Kelly Choi
207,Ryan Garcia
208,Daniel Cortez
209,Eddie Wright
210,Robert Fox
211,Edward Clay
212,Karen Martinez MD
213,Katherine Thompson
214,John Crawford
215,Teresa Berry
216,Matthew Jenkins
217,Gregory Alexander
218,Rebecca Lee
219,Richard Steele
220,Christopher Kelley
221,Anna Tran
222,Todd Foster
223,Christopher Joseph
224,Amanda Keith
225,Ronald Cox
226,Lonnie Moore
227,Denise Velasquez
228,Sarah Meyers
229,Jennifer Baird
230,Ralph Ingram
231,Brandy Wilson
232,David Jones
233,Kyle Lopez
234,Colleen Wu
235,Valerie Garcia
236,Michael Mason
237,Kim Conner
238,Mark Long
239,Taylor Collins
240,Olivia Jones
241,Leslie Hampton
242,Heather Simmons
243,Christina Davis
244,Christopher Vega
245,Sylvia Davidson
246,Daniel Holmes
247,Brittany Howard
248,Christopher Marshall
249,Daniel Harvey
250,Justin Miller
251,Colleen Gaines
252,Lauren Smith
253,Holly Baldwin
254,Steven Powell
255,Cynthia Hall
256,Rachel Thompson
257,Crystal Wallace
258,Cassandra Wilson
259,Mr. David Richards
260,Juan Smith
261,Matthew Miller
262,Alexandra Mckee
263,Alec Yang
264,Jason Johnston
265,Tara Goodwin
266,Ryan Wolf
267,Daniel Taylor
268,Andrea Smith
269,Maureen Henderson
270,Chad Fleming
271,Theodore Shaffer
272,Ryan Blake
273,Charles Peters
274,Valerie Hayes DVM
275,Alexander Morgan
276,Jennifer Ruiz
277,Tyler Kane
278,Michele Rodriguez
279,Mary Bailey
280,David Barker
281,Casey Boyle
282,David Garrison
283,Erin Boone
284,Eric Johnson
285,Michael Mason
286,Ann Ramirez
287,Angela Wright
288,Tamara Woods
289,Elizabeth Wong
290,Victor Pierce
291,Jessica Fisher
292,Mario Yates
293,Amanda Martinez
294,Maria Patterson
295,Kiara Braun
296,Alexis Brown
297,Jennifer Davis
298,Nicholas Barnett
299,Lisa Peters
300,Tom Navarro
301,Elizabeth Medina
302,Amanda Doyle
303,Dustin Miller
304,Johnny Underwood
305,Christine Huffman
306,Thomas Edwards
307,Eric Preston
308,Richard Austin
309,Caitlin Knox
310,Jenny Martinez
311,Katie Lucas
312,Hannah Cooper
313,Brandy Sanders
314,Jacob Paul
315,Angela Allison
316,Krista Middleton
317,Amber Martin
318,Alexander Cantu
319,Christopher Williams
320,Nicole Phillips
321,Kelly Howell
322,Christopher Coleman
323,Monica Lewis
324,Steven Thornton
325,Gary Harrison
326,Katherine Clark
327,Jermaine Watkins
328,Kimberly Salinas
329,Joshua Ellis
330,Kim Hernandez
331,Christopher Yang
332,Tara Burch
333,Amy Hoffman
334,Tyler Fernandez
335,Jim Lee
336,Theresa Johnson
337,John Garcia
338,Valerie Robbins
339,Sean Webb
340,Joseph Hamilton
341,Alan Walker
342,Christopher Romero
343,Kaitlyn White
344,Carrie Zamora
345,Amy Boyd
346,Michael Baker
347,Heather Martin
348,Lisa West
349,Charles Hayes
350,Regina Norris
351,Christina Thomas
352,Ryan Pruitt
353,Kaylee Banks
354,Kimberly Bailey
355,Teresa Newton
356,Robert Mckenzie
357,James Taylor
358,Sierra Rogers
359,Samantha Thomas
360,Nancy King
361,Robin Wilkins
362,William Brown
363,Molly Lindsey
364,Angela Elliott
365,Travis Foster
366,Anthony Young
367,Ashley Sanders
368,Ross Davis
369,Andrew Gray
370,David Wilson
371,Linda Gonzales
372,Brandon Gould
373,Melissa Joyce
374,Michelle Duarte
375,Lisa Fischer
376,David Moreno
377,Corey Long
378,Todd Rosales
379,Tabitha Carpenter
380,William Wilson
381,Thomas Parker
382,Christopher Mendoza
383,Timothy Santos
384,Sean Burton
385,Natasha Beck
386,Randall Ross
387,Abigail Cox
388,Valerie Brooks
389,Ralph Blake
390,Eugene Rice
391,John Perry
392,Eric Matthews
393,Betty Wilson
394,Hannah Smith
395,David Green
396,Emily Henderson
397,Nicholas Woodward III
398,David Mullins
399,Jason Schmitt
400,Dr. Kelly Burnett
401,Jessica Lee
402,Hannah Lozano
403,Donald Powers
404,Daniel Fry
405,Tamara Day
406,Jason Drake
407,Matthew Welch
408,Jennifer Ferguson
409,Heather Johnson
410,Kelli Pratt
411,Donna Davis
412,Charles Johnson
413,Brianna Miranda
414,Kevin Mendez
415,Desiree Gray
416,Jennifer Jenkins
417,Courtney Alexander
418,Micheal Kennedy
419,Nicholas Graham
420,Christopher Foster
421,Kimberly Henry
422,Andrew Davis
423,Cody Ferguson
424,Lauren Ortega
425,Michelle Hartman
426,Jennifer Jones
427,Gary Moran
428,Rebecca Stewart
429,Carolyn Phillips
430,Stephen Garcia
431,Michelle Clark
432,Amber Robinson
433,Terry Hendrix
434,Judy Garrison
435,Jennifer Gonzalez
436,Eric Bright
437,Brittany Massey
438,Austin Andrews
439,Kimberly Bailey
440,Melinda Johnson
441,Nathan Johnson
442,Jasmine May
443,Patrick Martinez
444,Jane Robinson
445,Jeanette Mills
446,Mark Lopez
447,Willie Miranda
448,Crystal Vaughn
449,Raymond Bennett
450,Joshua Scott
451,Dorothy King
452,Lisa Fitzpatrick
453,Mr. Jay Nelson
454,Jacqueline Burnett
455,Terry Hunter
456,Hailey Davis
457,Jesus Combs
458,Caitlin Martin
459,Matthew Baker
460,Teresa Le
461,Melissa Davis
462,James Zimmerman
463,Nancy Fernandez
464,Kathryn Smith
465,Samuel Harris
466,Sarah Potter
467,Ian Wise
468,Mr. Robert Kelly DDS
469,Kristen Holder
470,Eric Ortega
471,Daniel Rose
472,Kaylee Maynard
473,Angela Hernandez
474,Karina Oliver MD
475,Maureen Doyle
476,Jorge Soto
477,Tiffany Perkins
478,Travis Smith
479,Erin Park
480,Steve Fuentes
481,Jaclyn Williams
482,Karen Thomas
483,Alexandra Lopez
484,Linda Williams
485,Janice Hart
486,Phillip Hensley
487,Heather Neal
488,Stephanie Ibarra
489,John Hoover
490,Michelle Cooper
491,Pamela Mason
492,James Simpson
493,Garrett Day
494,Maria Lynch
495,Shannon Houston
496,Holly Mcdonald DDS
497,Mackenzie Thompson
498,Jennifer Campbell
499,William Foster
500,Stacey Kemp
501,Meredith Lee
502,Jose Sullivan Jr.
503,Ryan Adams
504,Joel Phillips
505,Erik Mitchell
506,Joshua Knight
507,Paula Estes
508,Mary Johnson
509,Bonnie Wilson
510,Ashley Alvarez MD
511,Heather Williams
512,Ray Dalton
513,Marilyn Howell
514,Steven Hart
515,Nancy Stevens
516,Eric Johnson
517,Vanessa Thompson
518,Herbert Hunt
519,Christopher Green
520,Melissa Walters
521,Amy Lee
522,Christian Conner
523,Melissa Mccoy
524,Debra Flowers
525,Steven Matthews
526,Andre Gonzalez
527,Connie Davis DVM
528,Erik Smith
529,Dana Berger
530,Teresa Wong
531,Michele Wright
532,Amanda Cooper
533,Daniel Nichols
534,Christopher Green
535,Shelly Long
536,Kim Holmes
537,Dr. Paul Mitchell
538,Ethan Chen
539,Caroline Alexander
540,Joseph Anthony
541,Lisa Santiago
542,Randall Warren
543,Raymond Stafford
544,Lori Wilson
545,Victoria Kim
546,Matthew Mann
547,Eric Johnson
548,Heather Rodriguez
549,Carlos Brooks
550,Samuel Long
551,Kelly Byrd
552,Kelly Jones
553,Robert Stokes
554,Taylor Figueroa
555,Richard Conley
556,Shannon Lyons
557,Heather Gomez
558,Todd Garcia
559,Jean Jackson
560,Kevin Caldwell
561,Mary Cruz
562,Wayne Hinton
563,Duane Curry
564,Peter Ray
565,Jodi Moreno
566,Julie Taylor
567,Martin Jackson
568,Dr. Taylor Murray
569,Kayla Burns
570,Kevin Ayers
571,Joseph Barnes
572,William Conway
573,Samantha Nguyen
574,Jessica Stein
575,Jonathan Harper
576,Christina Williams
577,Dawn Robertson
578,Jaclyn White
579,Jessica Sexton
580,Terri Mendoza
581,Ms. Christina Hernandez
582,Randy Reese
583,Abigail Barnett
584,Melinda Collins
585,Alyssa Bolton
586,Stacey Cruz
587,Lisa Robinson
588,Miss Susan Newton
589,Lisa Doyle
590,Robert Hinton
591,David Schneider
592,Jackie Fuller DVM
593,Tiffany Thompson
594,Jessica Marsh DDS
595,Anna Mccoy
596,Dr. Reginald Hayes
597,Raymond Taylor
598,Mary Garcia
599,Lauren Todd
600,Joseph Gomez
601,Christopher Carpenter
602,Richard Madden
603,Andre Jefferson
604,Juan Hubbard
605,Angela Henderson
606,James Morris
607,Melissa Price
608,Joseph Thornton
609,Paul Vargas
610,Kellie Hall DDS
611,Michael Johnson
612,Sierra Dunlap
613,Daniel Curry
614,Stephen Griffin
615,Rhonda Collins
616,Joseph Willis
617,Charles Smith
618,Tara Parker
619,Richard Velasquez
620,Joshua Beasley
621,Christopher Leblanc
622,Robert Russell
623,David Conway
624,Joanna Cox
625,Nicholas Skinner
626,Aaron Payne
627,Amy Young MD
628,Erik Hoffman
629,Tracy Nichols
630,Robert Sandoval
631,Drew Horton
632,Elizabeth Hays
633,Zachary Marshall
634,Claudia Woodward
635,David Glover
636,Tracey Ramirez
637,Shannon Bauer
638,Lindsey Lewis
639,Eugene Gray
640,Dustin Howell
641,Sean Blair
642,Dr. Jonathan Simon
643,Suzanne Hunter
644,Mrs. Connie Kennedy
645,Jillian Sullivan
646,Julie Adams
647,Hannah Molina
648,Nicholas Fletcher
649,Kimberly Young
650,Norman Jones
651,James Cole
652,Allison Rodriguez
653,Brandy Thompson
654,Wendy Howard
655,Dawn Butler
656,Phillip Sutton
657,Michael Gibson
658,Mr. Mark Moore
659,Billy Johnson Jr.
660,Timothy Dominguez
661,Brian Ball
662,Diana Davenport
663,Haley Lee MD
664,Alexis Fleming
665,Holly Rice
666,Stephen Higgins
667,Samuel Ross
668,Danielle Fernandez
669,Tracy Luna
670,Mary Ray
671,Alison Scott
672,Allen Martinez
673,Mark Bauer
674,Brittany Anderson
675,Heather Howard
676,Rachel Jones
677,Emily Mcknight
678,Kevin Moore
679,Caleb Holder
680,Laura Lopez
681,Sarah Phelps
682,Sara Martinez
683,Kenneth Carter
684,Amber Jackson
685,Crystal Collins
686,Matthew Gilbert
687,Robert Mendez
688,Nancy Friedman
689,Bruce Robinson
690,Christopher Stephens
691,Keith Heath
692,Mrs. Alexa Sanchez
693,Debra Cox
694,Diana Wood
695,Christina Hill
696,Alicia Brown
697,Misty Murray
698,Travis Hammond
699,Timothy Dean
700,Mario Miller
701,Teresa Mills DVM
702,Justin Sims
703,April Miller
704,Stephen Montgomery
705,Christopher Russell
706,Mark Cummings
707,Isabella Tucker
708,Nathan Murray
709,Lisa Hawkins
710,Jill Hayes
711,Carrie Garcia
712,Molly Alexander
713,Anthony Harris
714,Olivia Jones
715,Nicholas Holmes
716,Victoria Perez
717,Stephanie Underwood
718,George Jones
719,William Perez
720,Ashley Clark
721,Donna Schneider
722,Rachel Romero
723,Sarah Oliver
724,Erica Singh
725,Matthew Evans
726,Sally Cooley
727,Ashley Johnson
728,Paul Rowe
729,Joshua Harris
730,Michael Cantrell
731,David Harris
732,Vanessa Miller
733,Kristin Marshall
734,James Williams
735,Charles Mullins
736,Evelyn Stewart
737,Maria Briggs
738,Jose Carroll
739,Brittany Alexander
740,Mark Davidson
741,Johnny Wagner
742,Tamara Johnson
743,Amanda Ruiz
744,Melissa Martinez
745,Stacey Sanchez
746,Ashley Garrett
747,Kyle Malone
748,Damon Oconnor
749,Patrick Sanchez
750,James Mclaughlin
751,Kristin Spears
752,Patrick Malone
753,Brandon Smith
754,Yolanda Hanna
755,Tiffany Hall
756,Austin Hamilton
757,Tina Holt
758,Jeremiah Mcdonald
759,Sarah Cross
760,Erin Blankenship
761,Michael Powers
762,John Brown
763,William Gay
764,Susan Greene
765,Megan Odom
766,David Allen
767,Michael Wallace
768,Daniel Weiss
769,Joseph White
770,Dominique Jones
771,Francis Wolf
772,Christopher Simmons
773,Mark Garner DDS
774,Ann Downs
775,Kimberly Ramirez
776,Tony Nunez
777,Raymond Lawson
778,Mr. James Sanchez DDS
779,John Griffith
780,Amanda Wilson
781,Kristi Edwards
782,Katherine Willis
783,Michael Rivera
784,Stephanie Wells
785,Gary Perez
786,Gary Munoz
787,Lisa Willis
788,Daniel Landry Jr.
789,Andrew Lee
790,Linda Weaver
791,John Thomas
792,Anthony Martin
793,Christopher Lee
794,Kevin Miller
795,Luis Pope
796,Michelle Rich
797,Gabriel Baldwin
798,Christina Hanson
799,Melissa Ford
800,Sarah Brown
801,Andrea Lewis
802,Mr. William Lewis
803,Steven Gamble
804,Shelly Mckee
805,Rebekah Blackwell
806,Juan Sherman
807,James Singh
808,Carol Thornton
809,Tonya Martinez
810,Tammie Sanchez
811,Laura Wolfe
812,Greg Wong
813,Shane Tate
814,Amanda Allen
815,Nicole Ramsey
816,John White
817,Sarah Ward
818,Joseph Robinson
819,Victoria Long
820,Lisa Randall
821,Amy Mcdonald
822,Matthew Gates
823,Nicholas Reed
824,Jennifer Davis
825,Jessica Archer
826,Sheri Wright
827,Patricia Patel
828,Lance Long
829,Nicole Patterson
830,Allison Spencer
831,Eric Anthony
832,Michelle Fox
833,Jonathan Henry
834,John Howard
835,Molly Rubio
836,Tyler Chase
837,Leslie Jones
838,Cynthia Morris
839,Kara Harper
840,Shannon Sanchez
841,Angela Mckinney
842,Nicolas Mccarty
843,Christine Smith
844,Joshua Arroyo
845,Mr. Richard Williams Jr.
846,Charles White
847,Christopher Thomas
848,Carla Leonard
849,Tracy Woods
850,Tasha Martin
851,Judith Campbell
852,Jillian Harris
853,Mark Richard
854,Douglas Tyler
855,Valerie Anderson
856,Mark Harris MD
857,Steven Hill
858,Caroline Owen
859,Samantha Barnett
860,Timothy Oconnell
861,Jenny Zamora
862,Steven Campbell
863,Lindsay Ward
864,Anna Patton
865,Eric Jimenez
866,Ruben Owens
867,Chelsea Zhang
868,Yolanda Hendrix
869,Susan Davis
870,Brandon Evans
871,Angela Morgan
872,John Garcia
873,Kristen Moreno
874,Gary Williams Jr.
875,Jeff Dunn
876,Dr. Andrew Hamilton
877,Nicole Gray
878,Michelle Turner
879,Elizabeth Nielsen
880,Christine Sloan
881,Dana Joseph
882,Kayla Ryan
883,Rachel Hernandez
884,Joseph Foley
885,Stefanie Cruz
886,Allison Edwards
887,Taylor Holland
888,Shannon Torres
889,Ashley Murphy
890,Kimberly Gonzalez
891,Michelle Castro
892,Karina Harrison
893,Stacy Johnson
894,Troy Moreno
895,Michael Davis
896,Mrs. Kristen Howell
897,Mrs. Rhonda Butler
898,Troy Nelson
899,Melinda Baker
900,Christopher Patterson
901,Madison Johnson
902,Jacob Hebert
903,Tanya Brown
904,Michele Rodriguez
905,Ashley Moon
906,Lawrence Curtis
907,Lisa Harvey
908,Ashley Peterson MD
909,Jeffrey Stewart
910,Rachel Harris
911,Kayla White
912,Brian Long
913,Phillip Guzman
914,Carla Andrews
915,Laura Smith
916,Emily Taylor
917,Christina Frederick
918,Matthew Yoder
919,Lisa Ramirez
920,John Benson
921,Tonya Parker
922,Olivia Bell
923,Kimberly Alexander
924,Joan Brown
925,Michael Navarro
926,Samuel Salazar
927,Mr. Tyler Nichols
928,Patricia Schultz
929,Christina Stafford
930,Anne Thomas
931,Jacqueline Wyatt
932,Brandon Hoffman
933,Christian Lester
934,Michele Cook
935,Glenda Moore
936,Mike Kennedy
937,Kelly Rodriguez
938,Erin Walker
939,Kenneth Johns
940,Scott Mayo
941,William Alexander
942,Edward Jones
943,Michael Romero
944,James Eaton
945,James Mendoza
946,Deborah Flores
947,Janet Wolf
948,Stephanie Robinson
949,Seth Banks
950,Donna King
951,Donald Peterson
952,Robert Simmons
953,Rebecca Montgomery
954,Kathy Gutierrez
955,Chad Martin
956,Amanda Zavala
957,Alexa Ward
958,Tammy Willis
959,Justin Hutchinson
960,Christopher Hunt
961,Amber Thompson
962,Michelle Bolton DVM
963,Tracy Bates
964,Helen Williams
965,Steven Johnson
966,Jorge Suarez
967,Katie Scott
968,Daniel Hamilton
969,Wayne Johnson
970,Steven Fernandez
971,Anita Sheppard
972,James Jones
973,Eric Morrison
974,Steven Logan
975,Bryan Fleming
976,Rebecca Wright
977,Victoria Cain
978,Darren Alexander
979,Todd Ryan
980,Anne Porter
981,Raymond Waters
982,Jennifer Maldonado
983,Anita Young DDS
984,Justin Rodriguez
985,Stephen Garcia
986,Joseph Jones
987,Melissa Dougherty
988,John Perez
989,Jesus Owens
990,James Bell
991,Craig Thompson
992,Carlos Bennett
993,Christopher Arnold
994,Kristen Mathis
995,Nicholas Taylor
996,Heather Nelson
997,Kelly Watkins
998,Brooke Salinas
999,Jerry Martinez
1000,Thomas Brown
