Product_ID,Product_Name,Price
1,arrive,144
2,Congress,399
3,continue,969
4,scene,473
5,she,669
6,he,146
7,art,389
8,main,455
9,similar,293
10,sport,14
11,bed,482
12,ask,825
13,man,930
14,relationship,971
15,high,676
16,laugh,283
17,personal,564
18,cold,20
19,entire,470
20,family,19
21,wide,353
22,skin,157
23,learn,910
24,maintain,67
25,sister,159
26,try,474
27,west,341
28,ahead,812
29,maybe,959
30,land,343
31,study,303
32,see,427
33,raise,37
34,run,227
35,read,682
36,responsibility,736
37,tend,437
38,region,866
39,against,855
40,grow,58
41,life,86
42,contain,18
43,against,322
44,effect,98
45,half,467
46,public,245
47,sport,746
48,become,844
49,bed,494
50,hope,663
51,benefit,380
52,war,427
53,door,691
54,impact,527
55,American,498
56,keep,518
57,truth,434
58,others,806
59,lead,956
60,their,830
61,direction,678
62,goal,694
63,fund,496
64,attention,193
65,find,211
66,student,102
67,worker,87
68,work,512
69,including,135
70,summer,107
71,when,475
72,body,742
73,fact,522
74,fight,819
75,of,343
76,current,643
77,rise,157
78,audience,250
79,fact,372
80,newspaper,862
81,also,418
82,decision,647
83,type,509
84,man,167
85,order,981
86,address,583
87,assume,228
88,industry,125
89,modern,609
90,total,534
91,left,661
92,million,699
93,day,920
94,add,312
95,walk,943
96,church,249
97,ball,894
98,fund,343
99,kind,124
100,thousand,661
101,hear,247
102,down,573
103,concern,69
104,time,188
105,wife,731
106,whatever,875
107,alone,522
108,it,676
109,world,795
110,manager,554
111,send,815
112,hand,438
113,product,570
114,great,367
115,news,635
116,skill,958
117,song,297
118,method,11
119,say,12
120,minute,811
121,we,570
122,keep,891
123,ok,639
124,son,353
125,claim,977
126,measure,241
127,general,251
128,around,287
129,game,292
130,my,996
131,whether,114
132,wait,476
133,choose,32
134,then,411
135,shake,551
136,day,739
137,white,48
138,food,590
139,decide,975
140,raise,921
141,later,987
142,result,75
143,serious,813
144,crime,675
145,city,176
146,born,967
147,shake,846
148,may,824
149,each,523
150,security,2
151,expert,388
152,stock,496
153,could,92
154,meet,283
155,different,329
156,show,130
157,off,650
158,best,697
159,everyone,455
160,me,536
161,stock,856
162,area,927
163,community,141
164,common,755
165,plan,488
166,probably,43
167,crime,330
168,bring,989
169,however,681
170,must,189
171,treatment,842
172,ability,511
173,capital,581
174,open,855
175,go,561
176,its,896
177,pattern,234
178,save,688
179,hotel,373
180,across,727
181,public,88
182,daughter,216
183,yard,234
184,center,833
185,blood,829
186,western,818
187,manage,270
188,score,164
189,report,204
190,husband,749
191,group,896
192,response,196
193,pass,746
194,blood,709
195,instead,349
196,win,35
197,finally,556
198,rate,886
199,occur,426
200,seem,292
201,per,889
202,part,287
203,present,945
204,truth,982
205,show,356
206,really,754
207,consider,290
208,we,39
209,material,677
210,health,946
211,thus,102
212,add,801
213,number,269
214,staff,671
215,pay,823
216,hair,725
217,then,675
218,president,971
219,learn,97
220,benefit,679
221,road,761
222,return,540
223,health,82
224,space,330
225,other,986
226,charge,970
227,everything,615
228,new,853
229,war,810
230,all,959
231,ask,936
232,work,613
233,hot,941
234,enter,705
235,allow,201
236,tough,150
237,break,899
238,game,263
239,sense,147
240,heavy,49
241,environment,637
242,adult,718
243,in,315
244,pull,607
245,reflect,384
246,hand,13
247,blood,716
248,miss,380
249,nearly,925
250,American,335
251,walk,539
252,food,678
253,tough,400
254,truth,466
255,unit,403
256,color,443
257,usually,895
258,loss,850
259,analysis,679
260,police,872
261,might,624
262,author,379
263,out,921
264,another,687
265,sell,823
266,style,337
267,move,42
268,arm,337
269,risk,248
270,message,220
271,write,330
272,stop,361
273,though,342
274,television,239
275,letter,605
276,why,769
277,eat,130
278,part,499
279,simply,998
280,close,832
281,behavior,133
282,through,26
283,approach,272
284,natural,113
285,out,50
286,spend,416
287,foot,125
288,ball,368
289,establish,220
290,tough,901
291,authority,494
292,water,454
293,know,81
294,benefit,513
295,program,513
296,stand,826
297,star,321
298,environment,411
299,protect,52
300,treat,390
301,long,508
302,interesting,582
303,speak,577
304,measure,3
305,wait,610
306,thank,324
307,wall,20
308,any,987
309,fast,166
310,discover,793
311,too,460
312,another,219
313,manage,354
314,carry,88
315,religious,833
316,someone,735
317,son,218
318,four,269
319,decision,7
320,treatment,619
321,word,308
322,a,502
323,common,114
324,white,247
325,expert,502
326,particular,31
327,region,740
328,couple,791
329,teach,375
330,mean,618
331,who,793
332,support,96
333,radio,470
334,stop,801
335,water,802
336,rise,950
337,everyone,721
338,international,544
339,including,536
340,major,693
341,generation,180
342,pass,818
343,use,701
344,add,452
345,give,407
346,live,179
347,model,617
348,argue,4
349,present,623
350,hold,894
351,smile,250
352,score,707
353,whom,478
354,side,418
355,enter,163
356,resource,478
357,yeah,317
358,rule,838
359,always,907
360,say,156
361,voice,872
362,practice,934
363,then,929
364,store,169
365,his,699
366,speech,406
367,politics,764
368,since,701
369,address,245
370,big,861
371,finally,106
372,listen,922
373,who,189
374,wind,729
375,main,510
376,condition,374
377,economic,968
378,scientist,443
379,type,664
380,no,389
381,hand,736
382,free,82
383,consider,565
384,health,465
385,discover,580
386,because,644
387,hot,823
388,anything,94
389,piece,141
390,natural,216
391,miss,940
392,every,590
393,single,878
394,plant,784
395,worker,174
396,use,482
397,Republican,926
398,occur,810
399,travel,247
400,rich,37
401,reveal,84
402,agree,717
403,meeting,393
404,pick,150
405,throughout,952
406,air,458
407,spend,215
408,treatment,803
409,drive,891
410,born,55
411,scientist,134
412,mean,404
413,after,183
414,put,309
415,might,913
416,people,343
417,staff,767
418,thought,510
419,look,810
420,measure,252
421,candidate,461
422,successful,865
423,set,814
424,low,67
425,social,362
426,however,321
427,create,125
428,religious,479
429,could,286
430,serve,765
431,owner,961
432,environment,861
433,good,637
434,cost,205
435,him,165
436,size,614
437,usually,781
438,east,559
439,individual,551
440,than,241
441,some,399
442,real,875
443,bar,138
444,week,105
445,social,396
446,enter,689
447,focus,991
448,fine,45
449,whatever,772
450,find,339
451,customer,455
452,body,73
453,on,421
454,player,369
455,image,205
456,old,544
457,economy,934
458,church,909
459,up,289
460,how,950
461,anyone,676
462,student,525
463,sing,234
464,of,328
465,keep,475
466,force,593
467,south,844
468,itself,77
469,blue,796
470,again,291
471,along,185
472,agent,474
473,letter,335
474,important,27
475,especially,795
476,successful,129
477,song,533
478,begin,122
479,cut,115
480,east,940
481,fire,487
482,thousand,961
483,fund,138
484,tell,24
485,possible,764
486,company,111
487,find,863
488,white,542
489,week,175
490,meeting,188
491,always,470
492,himself,275
493,color,276
494,by,728
495,tend,92
496,particular,391
497,exist,26
498,do,659
499,soon,667
500,water,621
