Product_ID,Product_Name,Unit_Price
1,may,270
2,Congress,11
3,together,323
4,professional,247
5,top,144
6,offer,860
7,form,981
8,seven,360
9,authority,908
10,wall,492
11,nearly,625
12,rock,570
13,understand,245
14,positive,976
15,political,393
16,hit,811
17,low,348
18,order,274
19,treat,711
20,argue,500
21,young,502
22,beat,956
23,American,839
24,head,448
25,fly,365
26,question,736
27,various,258
28,Congress,208
29,tax,970
30,nearly,17
31,anyone,10
32,message,284
33,quite,820
34,former,545
35,wish,338
36,instead,541
37,hour,522
38,nation,315
39,family,45
40,citizen,298
41,condition,870
42,need,409
43,former,524
44,stock,605
45,building,709
46,forget,614
47,car,591
48,outside,437
49,prevent,229
50,decade,802
51,give,21
52,history,324
53,push,390
54,memory,739
55,responsibility,738
56,exist,920
57,lawyer,98
58,rest,512
59,relate,847
60,act,497
61,this,259
62,fear,709
63,us,566
64,character,406
65,image,384
66,determine,865
67,huge,69
68,mouth,339
69,at,366
70,team,250
71,call,542
72,thought,591
73,image,469
74,total,777
75,capital,376
76,customer,57
77,new,798
78,relationship,366
79,picture,770
80,cover,122
81,office,440
82,window,118
83,American,359
84,their,252
85,cost,224
86,draw,359
87,great,726
88,wrong,910
89,win,867
90,pull,350
91,learn,972
92,challenge,399
93,raise,403
94,become,103
95,different,362
96,group,443
97,water,44
98,expect,705
99,challenge,440
100,lot,737
101,across,544
102,without,807
103,page,722
104,so,630
105,amount,453
106,never,538
107,answer,698
108,note,710
109,buy,130
110,good,524
111,can,533
112,later,767
113,its,250
114,bring,542
115,in,109
116,available,108
117,own,833
118,offer,544
119,follow,630
120,agency,191
121,reduce,116
122,three,117
123,mind,387
124,world,272
125,too,857
126,west,848
127,business,368
128,year,960
129,company,979
130,another,638
131,century,376
132,watch,111
133,glass,20
134,say,692
135,among,759
136,begin,309
137,strategy,358
138,system,656
139,reduce,307
140,reason,299
141,half,74
142,executive,662
143,person,427
144,would,892
145,north,322
146,themselves,810
147,energy,616
148,lose,451
149,attention,816
150,edge,243
151,help,425
152,development,268
153,out,161
154,me,271
155,across,90
156,say,733
157,treatment,655
158,join,574
159,life,328
160,figure,98
161,happy,664
162,election,924
163,food,731
164,chair,337
165,deal,310
166,far,756
167,cup,515
168,view,605
169,material,485
170,city,489
171,assume,711
172,television,973
173,machine,242
174,magazine,648
175,woman,182
176,send,224
177,early,151
178,remain,128
179,car,13
180,become,237
181,else,99
182,woman,2
183,perform,87
184,general,462
185,feeling,333
186,choose,507
187,garden,270
188,challenge,651
189,whom,859
190,new,689
191,PM,504
192,every,434
193,positive,523
194,size,325
195,similar,60
196,often,455
197,answer,528
198,sister,347
199,from,582
200,treat,670
201,road,129
202,cost,611
203,paper,430
204,believe,47
205,soldier,703
206,response,414
207,vote,407
208,hit,510
209,determine,314
210,off,75
211,peace,230
212,beautiful,517
213,take,420
214,learn,218
215,organization,784
216,bit,435
217,Republican,459
218,join,684
219,early,493
220,Congress,924
221,star,702
222,activity,644
223,thousand,676
224,reality,59
225,deal,958
226,along,963
227,charge,277
228,should,902
229,share,83
230,cold,796
231,likely,54
232,become,546
233,also,778
234,study,441
235,agency,729
236,those,785
237,pressure,777
238,former,229
239,certainly,500
240,first,870
241,Mr,207
242,realize,147
243,then,146
244,break,701
245,allow,655
246,five,812
247,score,617
248,animal,530
249,result,481
250,experience,841
251,whose,448
252,fight,366
253,happy,497
254,as,321
255,school,500
256,result,159
257,carry,199
258,professor,241
259,manager,811
260,hotel,752
261,rate,689
262,exist,662
263,beyond,238
264,owner,993
265,mouth,135
266,fund,920
267,society,171
268,no,453
269,will,457
270,fish,384
271,home,299
272,exactly,229
273,require,960
274,bit,810
275,doctor,510
276,make,674
277,throw,330
278,plant,55
279,staff,165
280,cause,973
281,wife,526
282,successful,719
283,week,739
284,public,666
285,listen,81
286,suggest,263
287,everything,709
288,more,403
289,own,501
290,time,8
291,whom,583
292,hear,896
293,medical,401
294,summer,459
295,another,99
296,quite,634
297,herself,719
298,mouth,358
299,remain,603
300,sea,899
301,candidate,117
302,best,100
303,through,25
304,different,206
305,sound,450
306,response,682
307,every,350
308,probably,25
309,station,212
310,value,91
311,risk,918
312,full,581
313,commercial,124
314,short,534
315,source,68
316,half,329
317,figure,286
318,deep,26
319,ago,360
320,certain,570
321,animal,486
322,beat,397
323,affect,839
324,inside,684
325,style,826
326,next,89
327,skin,649
328,worry,519
329,on,739
330,body,164
331,budget,739
332,nor,677
333,despite,659
334,matter,407
335,alone,163
336,easy,757
337,no,41
338,else,929
339,see,383
340,stop,352
341,simply,689
342,my,315
343,situation,795
344,sign,426
345,bar,487
346,describe,848
347,kitchen,620
348,involve,808
349,land,587
350,citizen,677
351,attention,935
352,technology,301
353,result,826
354,generation,182
355,identify,818
356,set,488
357,network,312
358,decision,330
359,significant,186
360,region,510
361,ready,864
362,new,927
363,hospital,599
364,popular,515
365,television,933
366,argue,660
367,result,772
368,air,794
369,maintain,822
370,dinner,384
371,pattern,125
372,sport,715
373,along,786
374,meet,715
375,analysis,796
376,on,894
377,couple,957
378,town,532
379,management,405
380,newspaper,275
381,whole,868
382,his,464
383,Republican,825
384,generation,343
385,free,466
386,chair,769
387,nation,766
388,across,838
389,commercial,309
390,building,457
391,fish,580
392,six,916
393,wind,217
394,Democrat,384
395,result,677
396,report,247
397,design,37
398,interview,318
399,really,695
400,actually,288
401,many,455
402,help,833
403,drop,767
404,task,355
405,hot,99
406,yard,885
407,even,123
408,bank,740
409,remain,389
410,would,802
411,present,930
412,standard,197
413,our,887
414,remember,700
415,least,821
416,war,334
417,church,615
418,difference,352
419,same,192
420,probably,713
421,effort,236
422,kid,409
423,country,842
424,study,801
425,try,874
426,shake,335
427,high,829
428,share,438
429,yet,79
430,especially,416
431,seek,515
432,town,647
433,authority,182
434,try,159
435,modern,271
436,specific,81
437,seem,256
438,subject,736
439,hand,284
440,focus,844
441,phone,674
442,wrong,364
443,Congress,499
444,cover,337
445,federal,50
446,Republican,382
447,each,999
448,record,600
449,clear,559
450,you,588
451,baby,666
452,leg,16
453,poor,289
454,floor,997
455,significant,730
456,situation,56
457,must,961
458,pay,896
459,economy,631
460,behavior,64
461,prove,736
462,bad,373
463,morning,969
464,catch,906
465,I,747
466,see,325
467,great,388
468,hold,815
469,society,506
470,relationship,432
471,expert,363
472,decade,963
473,race,686
474,voice,807
475,weight,561
476,light,878
477,single,47
478,past,10
479,standard,289
480,rather,662
481,per,941
482,raise,241
483,paper,570
484,bad,879
485,fly,132
486,stop,879
487,modern,895
488,note,525
489,TV,302
490,nearly,630
491,sense,313
492,catch,705
493,record,245
494,president,217
495,who,74
496,ten,433
497,American,286
498,condition,325
499,student,968
500,run,293
