Customer_ID,Name
1,Christopher Garza
2,Janet Klein
3,Nicholas Pacheco
4,Jeffrey Cook
5,Michael Davis
6,Mary Castillo
7,Nicholas Shepherd
8,Jordan Johnson
9,Jamie Mcknight
10,Tammy May
11,Alicia Miles
12,Erica Mccarthy
13,Bryan Salazar
14,Ann Anderson
15,Nathan Bautista
16,Theresa Bailey
17,Stephanie Wells
18,Megan Cook
19,Tyler Mays
20,Cheryl Cabrera
21,Christine Spears
22,Melanie Patel
23,Richard Scott
24,Mark Soto DVM
25,Sue Brown
26,Joshua Thomas
27,Curtis Russell
28,Colin Peterson
29,Rebecca Hernandez
30,John Mack
31,Richard Cooke
32,Ms. Samantha Hughes PhD
33,James Clark
34,Shelby Thompson
35,Shannon Collins
36,William Reynolds
37,Donald Massey
38,Stephen Reeves
39,Matthew Bolton
40,John Smith
41,Adam Lopez
42,Robin Coleman
43,Bryan Smith
44,Sabrina Phelps
45,Anthony Roy
46,Eric Johnson
47,Joshua Mccormick
48,Nicholas Howell
49,Xavier Clark
50,Charles Williams
51,Mark Hansen
52,Joel King
53,Michael Flores
54,Richard Rodriguez
55,Johnathan Rich
56,Antonio Murphy
57,Samuel Acevedo
58,Lee Green
59,Christopher Montgomery
60,Joshua Green
61,Sarah Henry
62,Victoria Fernandez
63,Micheal Roberts
64,Mark Jordan
65,Casey Baker
66,Emily Foster
67,Robert Harrison
68,Tara Smith
69,Brenda Pena
70,Tammy Chambers
71,Amanda Bailey
72,Christian Ramsey
73,Kelly Stevens
74,Jonathan Davis
75,Brandon Taylor
76,Mark Brown
77,Stephanie Hoffman
78,James Barnett
79,Samantha Gonzalez
80,Matthew Kirk
81,Kenneth Carrillo
82,Jeffrey Pham
83,Sara Luna
84,Heather Gray
85,Ryan Orr
86,Marcia Savage
87,Tiffany Mcpherson
88,Kimberly Brown
89,Stephanie Curry
90,Elizabeth Velez
91,Jennifer Colon
92,Diana Jennings
93,Mrs. Suzanne Kim
94,Thomas Cohen
95,Brad Matthews
96,Sheila Stone
97,Christopher Acevedo
98,Matthew Lane
99,Richard Moody
100,Alex Allen
101,Valerie Merritt
102,Elizabeth Rodriguez
103,Matthew Potter
104,Donna Solis
105,Stephen Moreno
106,Glenn Nguyen
107,Scott Cole
108,Paul Rivera
109,Catherine Gonzalez
110,Sarah Cook
111,Cody Harrison
112,Kenneth Mason
113,Zachary Wallace
114,Amanda Miles
115,Mr. Dennis Martin
116,Mathew Moore
117,Mark Ho
118,Claudia Carroll
119,Abigail Miller
120,James Thompson
121,Tyler Hopkins
122,Joshua Collins
123,Jessica Smith
124,Christopher Stevenson
125,Oscar Parker
126,Anthony Williams
127,James Lynn
128,Dana Hall
129,Melinda French
130,Kaitlin Shelton
131,John Russo
132,Bob Cook
133,Ashley Williams
134,Jessica Hahn
135,Jacqueline Alvarez
136,Olivia Beck
137,Jamie Johnson
138,Jesus Arnold
139,Amber Gomez
140,Mary Garner
141,Amy Lee
142,Natasha Maxwell
143,William Fleming
144,Shawn Ramirez
145,Erin Dixon
146,Melinda Hayes
147,Victoria Lewis
148,Jesse Williams
149,Shelby Nichols
150,Megan Taylor
151,Linda Crane
152,William Lozano
153,Katie Hall
154,David Mitchell
155,Thomas Caldwell
156,Jessica Bailey
157,Rebecca Graves
158,Alexis Calderon
159,Dustin Jackson
160,Laura Bowen
161,Todd Conner II
162,Carol Hamilton
163,Rebecca Griffin
164,Jordan Thompson
165,Rebekah Wright
166,Jessica Ray
167,Cheryl Stephenson
168,Natalie Hoffman
169,Mary Nunez
170,Stephanie Greer
171,Katie Humphrey
172,Amber Smith
173,Joseph White
174,Travis Powell
175,Joseph Chaney
176,Matthew Roberts
177,Andrew Cooper
178,Anthony Wilson
179,Jennifer Kelley
180,Willie Newman
181,Lee Shepherd
182,Alexander Vasquez
183,Rebecca Page
184,Diana Davis
185,Thomas Tran
186,Jerry Williams
187,Julia Burgess
188,David Thomas
189,Kyle Brown
190,Nathan Rowe
191,Sarah Jones
192,Jeremy Gray
193,Kathryn Kelly
194,Jennifer Johnson
195,Ronnie Newman
196,Lisa Wright
197,Sharon Perez
198,Brenda Wagner
199,Rachel Collins
200,Sara Gomez
201,Jackie Hernandez
202,Zachary Marshall
203,Harry Walker
204,Melissa Reyes
205,Anthony Hernandez
206,Robert Delgado
207,Erin Graves
208,Eric Lyons
209,James Bates
210,David Lee
211,Diane Wise
212,Kenneth Gilbert
213,Thomas Allen
214,Mary Mack
215,Debra Graham
216,Dr. William Gordon
217,Brian Hale
218,Randy George
219,Jessica Robinson
220,Tina Johnson
221,Andrea Morales
222,Wendy Santos
223,Amy Conley
224,Ashley Marquez
225,Kevin Lara
226,Matthew Warren
227,Lisa Pearson
228,Brian Ramsey
229,Colin Kim
230,Michael Ortiz
231,Mary Gray
232,Timothy Martin
233,Rachel Gonzales
234,Mr. Richard Thompson Jr.
235,Jacob Jones
236,Melanie Phillips
237,Clifford Murray
238,Tami Johnston
239,Stephanie Kirby
240,Carrie Thomas
241,Stacey Watts
242,Jose Clarke
243,Brian Melendez
244,Gary Chen
245,Terry Carter
246,Kayla Garrett
247,Cheyenne Jackson
248,Douglas Hobbs
249,Luke Hopkins
250,Carrie Hammond
251,Keith Mason
252,Amber White
253,William Harrison
254,Kyle Thompson
255,Yolanda Oneill
256,Joann Gonzalez
257,Jamie Dean
258,Robert Olson
259,Michelle Gonzalez
260,Destiny Willis
261,Ryan Gonzalez
262,Kelly Lawrence MD
263,Dennis Schwartz
264,Ryan Hughes
265,David Morrison
266,Eduardo Booth
267,Thomas Lester
268,Andrea Richardson
269,Jason Ibarra
270,Jennifer Gonzalez
271,Douglas Soto
272,Alexander Young
273,Jody Allen
274,Miss Lisa Yates MD
275,Jason Watson
276,Theresa Tyler
277,Christine Zamora
278,Randall Reyes
279,Deanna Ellis
280,Brianna Brock
281,Lisa Smith
282,Lisa Lopez
283,Richard Morris
284,Michael Sullivan
285,Nicole Parker
286,Darren Medina
287,Diamond Davidson
288,Devin Mullen
289,Brandon Crawford
290,Misty Bell
291,Jose Rodriguez
292,Elizabeth Martin
293,Timothy Vincent
294,Erica Perez
295,Jeffery Malone
296,Kari Davis
297,Lisa Kim
298,Kimberly Frazier
299,Erin Anderson
300,Stephen House MD
301,Jonathan Rodgers
302,Johnny Roberson
303,Ashley Foster
304,Russell Vaughn
305,Ashley Alvarez
306,Jonathan Harris
307,Andrew Peck
308,Jamie Knight
309,Charles Jones
310,Brian Wilson
311,Sandra Tucker
312,Scott Webb
313,Michael Dunn
314,Stephen Jones
315,Laura Wolfe
316,Kristy Walker
317,Peter Burns
318,Chelsea Pierce
319,David Schmidt
320,Tyler Gonzalez
321,Nicholas Hoover
322,Richard Madden
323,Catherine Allen
324,Leslie Guerrero
325,William Benjamin
326,Christopher Reed
327,Curtis Sullivan
328,Anne Randall
329,Alex Levine
330,Victoria Gonzales
331,Michelle Vance
332,Jessica Maxwell
333,Michael Hawkins
334,Julie Cruz
335,Christopher Arnold
336,Caleb Lewis
337,Garrett Welch
338,Jeremy Henderson
339,Mary Palmer
340,William Rhodes
341,Kimberly Simpson
342,Christopher Ray
343,Shelly Martinez
344,Joshua Douglas
345,Michael Burch DVM
346,Kristy Burch
347,Elizabeth Lee
348,Kimberly Brown
349,William Lee
350,William Cardenas
351,Robert Lozano
352,Kathy Braun
353,Maria Lane
354,Shannon Keith
355,Sheila Erickson
356,Joshua Carter
357,Cynthia Mathews
358,Lisa Johnson
359,Margaret Cooper
360,Margaret Rubio
361,Billy Hampton
362,Amy Alvarado
363,James Burton
364,Teresa Deleon
365,Darius Garcia
366,Greg Williams
367,Douglas Taylor
368,Denise Murray MD
369,Daniel Davis
370,Amy Perez
371,Joseph Salazar
372,Joseph Newman
373,Tonya Combs
374,Tim Boyle
375,Don Baker
376,Robert Russell
377,Alejandro Cole
378,Robert Cline
379,Mark Bell
380,Judy Fry
381,Amanda Boyd
382,Stephanie Stanley
383,Jennifer Estrada
384,Ryan Price
385,Thomas Sanchez
386,Wayne Ramos
387,Dan Garcia
388,Erica Harrison
389,Adam Rivera
390,Cristian Juarez
391,Jacob King
392,Alison Austin
393,Erin Gibson
394,Ashley Wilkins
395,Tonya Bush
396,Holly Smith
397,Jordan Green
398,Monica Salazar
399,Cynthia Burke
400,Francis Perez
401,Ryan Thomas
402,Danielle Webb
403,Kevin Bradley
404,Robert Estrada
405,Jessica Ball
406,Leah Fisher
407,Angela Hawkins
408,Yvonne Reilly
409,Eric Pittman
410,Melissa Blackburn MD
411,Robin Barrett
412,Kirk Knight
413,Kimberly Hernandez
414,Mark Mendoza
415,Cody Thompson
416,Courtney Rangel
417,Raymond Price
418,Jade Anthony
419,Becky Williams
420,Danielle Barber MD
421,Jennifer Wheeler
422,Brian Gilbert
423,Gregory Miller
424,Noah Tran
425,Carl Petersen
426,Jessica Lewis
427,Gary Medina
428,Dr. Danielle Moon
429,Bruce Chavez
430,Daniel Shields
431,Anna Cardenas
432,Jamie Wright
433,Cody Collins
434,Frank Wright
435,David Bell
436,Kevin Wade
437,Thomas Nichols
438,Daniel Vasquez
439,Adam Bond
440,Lynn Harris
441,Andrew Wilson
442,Raymond Gomez
443,Elizabeth Richards
444,Kara Beck
445,Jason Rodriguez
446,Timothy Smith
447,Gary Stevens
448,Lisa Alexander
449,Phillip Weeks
450,Mark Hawkins
451,Jennifer Pearson
452,Michael Morales
453,Benjamin Conner
454,Sherri Gonzalez
455,Jessica Gay
456,Patricia Hurley
457,Virginia Lopez
458,Kevin Brown
459,Max Watson
460,Laurie House
461,Laura Rodriguez
462,Jacqueline Maxwell
463,Larry Wiggins
464,Arthur Holland
465,Lisa Hall
466,Edward Francis
467,Haley Smith
468,Kimberly Cunningham
469,Cheryl Bridges
470,Duane Patterson
471,Wanda Waller
472,Tara Stone
473,James Thompson
474,Kaitlyn Hines DVM
475,Austin Holloway
476,Mr. Nathaniel Johnson
477,Jeffery Wallace
478,Jessica Hernandez
479,Spencer Rice
480,Sarah Quinn
481,Roy Bell
482,Debra Wagner
483,Richard Stanley DVM
484,David Ball
485,Danielle Cole
486,Martin Keller
487,Evan Krause
488,Manuel Sherman
489,Patrick Williams
490,Casey Shaw
491,Marilyn Willis
492,Jimmy Preston
493,Lynn Harris
494,Kristen Carter
495,Rebecca Petersen
496,Larry Barnes
497,Carrie Johnson
498,Loretta Brown
499,Daniel Gibson
500,Eric Hunt
501,Amanda Medina
502,Leonard Newton
503,Juan Adams
504,Meagan Robinson
505,Caleb Lewis
506,Jeffrey Jones
507,Thomas James
508,Michelle Simmons
509,Christopher Bryant
510,Lawrence Smith
511,Patrick Nelson
512,Zachary Mckay
513,Kevin Turner
514,Sheri Carey
515,Martin Gomez
516,Mrs. Melissa Scott MD
517,Sarah Schmidt
518,Nicole Wiley
519,Suzanne Watson
520,Susan Ryan
521,Micheal Davis
522,Linda Ayala
523,Gary Munoz
524,Brandy Sharp
525,Amy Johnson
526,Sherry Allen
527,Andrea Thompson
528,Renee Turner
529,Amber Jordan
530,Rita Allen
531,Roy Reed
532,Laura Brown
533,Yolanda Lang
534,Teresa Scott
535,Frederick Travis
536,Marcus Hood
537,Christine Mitchell
538,Kenneth Taylor
539,Colin Brady
540,Michael Neal
541,Catherine Grimes
542,Shawn Peterson
543,Courtney Patterson
544,Cathy Fleming
545,Tina Turner
546,Tracy Mack
547,Jack Patton
548,Carrie Reynolds
549,Teresa Lewis
550,Isabella White
551,Melanie Moore
552,Thomas Elliott
553,Mr. Dale Allen Jr.
554,Jeremy Farmer
555,Molly Jones
556,Nathan Wagner
557,John Sullivan
558,Kathryn Nunez
559,William Smith
560,Arthur Gill
561,Luis Yoder
562,Benjamin Medina
563,Shannon Poole
564,Sheila Castillo
565,Ashley Smith
566,Gerald Casey
567,Martha Gonzales
568,Barbara Johnson
569,Lauren Henderson
570,Mary Bennett
571,John Cameron
572,Eileen Green
573,Matthew Hill
574,Keith Baker
575,Richard Hendricks
576,William Miller
577,Mason Bond
578,Michael Lee
579,Jody Bailey
580,Andrew Rowe
581,Tammy Gallagher
582,Richard Jackson
583,Amy Cook
584,Elizabeth Bowman
585,Sandra Woods
586,Nicholas Anderson
587,Anna Spencer
588,Timothy Vazquez
589,William Parsons
590,William Conner
591,David Kim
592,Richard Rodriguez
593,Michelle Hendricks
594,Jennifer Padilla
595,Crystal Morales
596,Brandon Hughes
597,Brooke Stephens
598,Robin Griffith MD
599,Debra King
600,Kristina Martinez
601,Erin Moore
602,Dustin Sanders
603,James Nguyen
604,Derek Baker
605,John Brock
606,Susan Wilson
607,Brian Baker
608,Janice Rogers
609,Brett Johnson
610,Nicholas Alvarado
611,Teresa Craig
612,Samantha Nelson
613,Scott Smith
614,Rodney Washington Jr.
615,David Simpson
616,David Hoffman
617,Danielle Miller
618,Cassandra Maddox
619,Alexander Rasmussen III
620,Carrie Mcmahon
621,Mark Lawrence
622,Michael Graham
623,Jennifer Sanchez
624,Joel Owen
625,David Brown
626,Kimberly Dunn
627,Rhonda Hines
628,Jessica Farley
629,Richard Ramsey
630,Stephen Manning MD
631,Eduardo Burton
632,Kelly Clarke
633,Stephen Hinton
634,Dr. Stephen Braun DDS
635,Sharon Thompson
636,Richard Rich
637,Amanda Mills
638,Charles Francis
639,Paul White
640,Kurt Ward
641,Michele Matthews
642,Alicia Stewart
643,Tracy Petty
644,Brenda Martin
645,Christopher Osborne
646,Shirley Williams
647,Linda Briggs
648,Justin Gonzales
649,Lauren Barr
650,Cynthia Garrett
651,Hannah Johnston
652,Shane Kennedy
653,Jonathan Gutierrez
654,Ashley Patton
655,John Diaz
656,Richard Ward
657,Jennifer Davis
658,Wendy James
659,Deborah Morgan
660,Jason Williams
661,Gloria Villegas
662,Dwayne Washington
663,Leonard Gonzalez
664,Eric Hartman
665,Clinton Kelly
666,Joe Ward
667,Randy Mcdonald
668,Ashley Howard
669,Crystal Williams
670,Jessica Garcia
671,Christopher Smith
672,Dr. Todd Miller
673,Adam Potter
674,Matthew Peterson
675,Raymond Lewis
676,Terri Rodriguez
677,Miss Grace Garcia MD
678,Tammy Freeman
679,John Brown
680,Kaylee Reyes
681,Curtis Sanders
682,Steven Brown
683,Joel Price
684,Cassandra Bell
685,Michele King
686,Cole Parker
687,Haley Johnson
688,Stephanie Gomez
689,Tyler Silva
690,Cindy Munoz
691,Jessica Kennedy
692,Scott Austin
693,Jonathan Rios
694,Brian Henderson
695,Katherine Ortiz
696,Christian Short
697,Wendy Dalton MD
698,Lori Martinez
699,Jacob Anderson
700,John Mills
701,Scott Young
702,Bryan Bonilla
703,Mariah Roach
704,Robert Maxwell
705,Caroline Smith
706,Debbie Schmidt
707,Christopher Maxwell
708,Nathaniel Santos
709,Mr. Jason Jones
710,Lisa Walls
711,Cynthia Rogers
712,Ronald Fisher
713,Andrea Gomez
714,Lawrence Whitehead
715,Mary Cruz
716,Angela Mcpherson
717,James Brennan
718,Kimberly Hurley
719,Alexander Willis
720,Christopher Clayton
721,Robert Marshall
722,Reginald Williams
723,Sara Schwartz
724,Christopher Stewart
725,Anna Patterson
726,Shannon Wilson
727,Ernest Flynn
728,Travis Reyes
729,Casey Turner
730,Thomas Henderson
731,Jeffrey Kane
732,Jennifer Harris
733,Mr. Walter Kerr
734,Frank Cummings
735,Carolyn Schmidt
736,Samuel Williams
737,Alexander Bennett
738,Mr. Christopher Boyd
739,Mark Boone
740,Patricia Osborne
741,Leslie Hoffman
742,Diane Nguyen DVM
743,Barry Alexander
744,Angela Cooke
745,Jonathan Mcclain
746,Robin Gonzalez
747,Joseph Stewart
748,Jonathan Johnson
749,James Fernandez
750,William Kelly
751,Mark Bates
752,Robert Brown
753,Alicia Mora
754,Bradley Schneider
755,Tammy Hopkins
756,Alexandra Burns
757,Brian Green
758,Deborah Espinoza
759,Christian West
760,Ann Turner
761,Holly Lewis
762,Tina Rodriguez
763,Amber Reid
764,Linda Gilbert
765,Jennifer Kaufman
766,Michael Hubbard
767,Andrew Perkins
768,Cynthia Marquez
769,Alexander Herrera
770,Michael Owens
771,Robert Scott
772,Michael Davis
773,Angela Parker
774,Benjamin Shelton
775,Hannah Manning PhD
776,Carol Wade
777,Kevin Mcgee
778,Blake Andersen
779,Jacob Fields
780,Daniel Cruz
781,Lori Nguyen
782,John Parks
783,Amber Chandler
784,Amanda Harrington
785,Molly Phillips
786,Madeline Bennett
787,Jorge Singh
788,Andrew Marshall
789,Amanda Hoffman
790,Samuel Jones
791,Adrian Harrison
792,Martha Floyd
793,William Nichols
794,Richard Berg
795,Jimmy Rivera
796,Sydney Potts
797,James Fleming
798,Katherine Snyder
799,Pamela Evans
800,Anthony Saunders
801,Krystal Chan
802,Rachel Lambert
803,Joseph Guerra
804,Joseph Kirk
805,William Bridges
806,Garrett Alexander
807,Victoria Barrett
808,Jade Williams
809,Jennifer Miller
810,Samuel Archer
811,Jessica Williams
812,Leslie Daniels
813,Brian Hill
814,Lauren Anderson
815,Todd Zamora
816,Johnathan Sanchez
817,Erin Brock
818,Joshua Ortega
819,Elizabeth Wells
820,Jesse Johnson
821,Gregory Green
822,Eric Zimmerman
823,Terry Gonzales
824,Michael Abbott
825,Randall Tucker
826,Mr. Erik Huffman MD
827,Kevin Brown
828,Sarah Martinez
829,Jorge Solis
830,John Fernandez
831,Benjamin Dunlap
832,Molly Brown
833,Amy Morris
834,Eric Hill
835,Donald Woods
836,Ashley Velazquez
837,Patricia Graves
838,Janice Velazquez
839,Micheal Davis
840,Patricia Medina
841,Shari Williams
842,Jessica Wilson
843,Alexandria Vincent
844,Tiffany Marshall
845,Matthew Roth
846,Ryan Palmer
847,Allen Foster
848,Carla Neal
849,Craig Medina
850,David George
851,Luis Brown
852,Julia Ellis
853,Alicia Shaw
854,Jason Short
855,Ricky Clayton
856,James Baxter
857,Jose Mcintyre
858,Shannon Garcia
859,Lori Jennings
860,John Cardenas
861,Roger Lopez
862,James Burke
863,Elizabeth Romero
864,Ryan Rogers
865,Harold Ellis
866,Michael Herring
867,Brad Gallegos
868,Daniel Cook
869,Alison Dennis
870,Katherine Miller
871,Jacqueline Elliott
872,Mary Roach
873,Shane Allen
874,Shelby Miller
875,Connor Dawson
876,David Gray
877,Christopher Gutierrez
878,Derrick Garcia
879,David Johnson
880,Samuel Green
881,Michael Booker
882,David Mitchell
883,Mercedes Mcdaniel
884,Renee Gibbs
885,Vanessa Zamora
886,Jeffrey Hill
887,Derek Moody
888,Jose Navarro
889,Jorge Chen
890,David Brooks
891,Lori Wong
892,Darren Sherman
893,Jessica Boone
894,James Jacobson
895,Alexander Nolan
896,Mr. Brian Henderson MD
897,Mark Smith
898,Christopher Solomon
899,Vincent Rodriguez
900,Regina Rodriguez
901,Rebecca Cabrera
902,Rebecca Sanders
903,Richard Gomez
904,Nicole Martinez
905,Elizabeth Haley
906,Sarah Lee
907,Brandon Reilly
908,Jason Barton
909,Dustin Martin
910,Michelle Winters
911,Gregory Stein
912,Teresa Navarro
913,Phillip Smith
914,James Costa
915,James Choi
916,Timothy Hoffman
917,Jennifer Richardson
918,Sandra Lewis
919,Daniel Love
920,Kyle Mcdonald
921,Kathryn Thomas
922,Jennifer Williamson
923,Justin Contreras
924,Mario Watson
925,Christopher Crosby III
926,Victoria Powell
927,Andrew Spencer
928,David Richardson
929,Helen Williamson
930,Aaron Hill
931,Scott Lopez
932,Angela Barrett
933,Wendy Fitzgerald
934,Mark Wallace
935,Melissa Hernandez
936,Thomas Armstrong
937,Melissa Malone
938,Ryan Sloan
939,Laura Steele
940,Deborah Fitzpatrick
941,Sandra Simmons
942,Roger Parrish
943,Heidi Gonzalez
944,Joyce Robertson
945,Bradley Smith
946,Lisa May
947,Sean Li
948,Christopher Vazquez
949,Thomas Hines
950,Christina Casey
951,Carrie Munoz
952,Jeffrey Evans
953,Kristen Davis
954,Bobby Rogers
955,Dylan Mclaughlin
956,Miss Jennifer Powell DDS
957,Michael Ferguson
958,Gina Williams
959,Stephanie Vasquez
960,Paul Garcia
961,Ryan Chase
962,Amanda Orr
963,Amanda Williams
964,Joseph Moss
965,John Craig
966,James Robinson
967,Amy Delgado
968,Dana Lee
969,Dr. Laura Long
970,Jesus Martinez
971,Jacob Thompson
972,Bethany Garcia
973,Jeremiah Mathews
974,Laura Mclean
975,Amanda Kim
976,David Wilcox
977,Casey Gregory
978,Sharon Davis
979,Kara Taylor
980,Alexa Peters
981,John Murphy
982,Cassandra Thompson
983,Karen Kane
984,Daniel Byrd
985,James Savage
986,Brianna Cooper
987,Bethany Frazier
988,Andrew Rodriguez
989,Stephen Lopez
990,Joseph King
991,Lindsey Patel
992,Laura Cook
993,Angela Weaver
994,Paul Torres
995,Jeffrey Rodriguez
996,Rachael Williams
997,Brian Foster
998,Albert Watts
999,Traci Weeks
1000,Alexander Gould
