Identifiant_Produit,Nom_Produit,Prix_Unitaire
1,feel,599
2,subject,621
3,person,253
4,according,496
5,trade,791
6,activity,55
7,mean,574
8,system,447
9,administration,171
10,government,676
11,necessary,26
12,firm,365
13,answer,56
14,camera,783
15,pretty,851
16,clearly,156
17,everyone,344
18,ready,639
19,newspaper,283
20,amount,443
21,left,905
22,church,361
23,every,780
24,offer,159
25,while,220
26,five,531
27,near,199
28,of,915
29,region,756
30,only,100
31,white,77
32,watch,467
33,majority,596
34,a,656
35,father,789
36,anyone,569
37,fire,634
38,consider,351
39,these,433
40,action,293
41,want,326
42,they,998
43,interview,145
44,right,609
45,respond,624
46,education,753
47,nature,565
48,take,116
49,protect,728
50,center,910
51,site,90
52,building,489
53,article,576
54,teach,746
55,feeling,125
56,whose,603
57,herself,264
58,kitchen,86
59,large,26
60,box,123
61,team,68
62,major,664
63,money,477
64,special,691
65,value,874
66,lose,164
67,statement,15
68,ten,378
69,expect,5
70,marriage,482
71,particularly,966
72,blue,168
73,about,618
74,which,721
75,size,936
76,big,566
77,skill,657
78,the,922
79,citizen,534
80,push,659
81,return,130
82,wall,507
83,lot,901
84,art,665
85,writer,318
86,strong,595
87,score,745
88,though,512
89,seek,90
90,source,541
91,group,913
92,several,154
93,move,759
94,produce,440
95,into,390
96,player,199
97,rule,195
98,west,905
99,single,804
100,remain,287
101,various,170
102,phone,327
103,follow,62
104,one,281
105,surface,511
106,believe,111
107,conference,241
108,pass,289
109,theory,842
110,story,264
111,true,880
112,debate,378
113,include,192
114,suddenly,227
115,watch,329
116,responsibility,366
117,box,819
118,organization,988
119,maybe,855
120,Mrs,109
121,tree,684
122,north,916
123,picture,299
124,ball,846
125,front,204
126,break,130
127,sound,592
128,four,938
129,buy,7
130,page,588
131,happen,67
132,truth,706
133,whom,529
134,whether,280
135,month,656
136,player,529
137,half,784
138,truth,259
139,box,619
140,factor,977
141,either,233
142,star,178
143,deal,17
144,behind,736
145,help,704
146,money,467
147,cold,904
148,tax,285
149,campaign,110
150,admit,181
151,play,283
152,capital,907
153,suffer,409
154,whatever,31
155,budget,403
156,change,518
157,hair,643
158,short,112
159,daughter,379
160,size,233
161,someone,866
162,really,56
163,evening,99
164,now,908
165,check,825
166,last,939
167,care,433
168,report,115
169,minute,920
170,talk,942
171,increase,747
172,daughter,876
173,produce,605
174,somebody,118
175,opportunity,821
176,seek,318
177,task,897
178,turn,147
179,unit,496
180,cut,233
181,never,685
182,fear,995
183,hour,73
184,security,441
185,garden,421
186,same,490
187,citizen,927
188,half,31
189,chair,503
190,reflect,163
191,officer,240
192,player,326
193,enter,670
194,lead,560
195,your,594
196,yourself,725
197,stop,635
198,less,728
199,truth,393
200,car,854
201,case,528
202,different,809
203,simply,809
204,organization,582
205,response,396
206,drug,780
207,us,669
208,top,735
209,official,374
210,official,332
211,organization,115
212,significant,408
213,time,641
214,attention,923
215,likely,419
216,tell,734
217,kid,536
218,rich,910
219,system,877
220,side,204
221,prove,968
222,politics,79
223,professional,890
224,well,84
225,civil,116
226,television,814
227,listen,707
228,happy,423
229,whom,565
230,community,364
231,son,944
232,on,396
233,add,187
234,prepare,964
235,claim,529
236,citizen,963
237,TV,419
238,perhaps,144
239,close,269
240,available,99
241,respond,142
242,both,423
243,live,210
244,television,602
245,theory,907
246,see,253
247,movement,490
248,difficult,115
249,people,606
250,enough,589
251,pressure,817
252,by,361
253,doctor,620
254,cause,162
255,north,625
256,surface,383
257,door,629
258,identify,184
259,nothing,766
260,become,76
261,city,430
262,another,610
263,discussion,143
264,hear,321
265,factor,606
266,class,92
267,activity,130
268,learn,843
269,break,789
270,national,554
271,pressure,352
272,that,665
273,can,828
274,religious,782
275,movie,254
276,read,955
277,treatment,711
278,improve,15
279,mother,324
280,analysis,739
281,address,856
282,sport,460
283,very,700
284,say,490
285,her,123
286,hour,776
287,offer,254
288,finally,4
289,resource,274
290,which,752
291,believe,349
292,marriage,754
293,half,455
294,meet,202
295,party,558
296,garden,622
297,again,161
298,part,160
299,behavior,582
300,lot,69
301,light,835
302,dark,250
303,include,425
304,move,49
305,change,778
306,response,915
307,call,191
308,member,390
309,around,757
310,start,630
311,treat,335
312,serve,38
313,task,34
314,police,918
315,by,953
316,suggest,67
317,minute,240
318,first,938
319,guy,952
320,production,865
321,strong,285
322,they,270
323,leave,366
324,prevent,231
325,out,91
326,author,465
327,believe,76
328,technology,606
329,indicate,761
330,movement,867
331,eye,698
332,third,446
333,large,763
334,send,659
335,series,374
336,worry,998
337,care,755
338,interesting,467
339,wear,895
340,together,550
341,capital,823
342,office,321
343,way,768
344,test,485
345,affect,70
346,save,126
347,before,171
348,begin,358
349,throughout,134
350,anyone,823
351,explain,259
352,prepare,501
353,friend,248
354,popular,411
355,a,232
356,key,744
357,just,902
358,thank,877
359,control,155
360,for,557
361,purpose,434
362,eight,464
363,forget,427
364,debate,600
365,worry,88
366,serious,470
367,million,485
368,central,435
369,class,311
370,control,875
371,very,186
372,fund,9
373,score,867
374,become,618
375,practice,300
376,car,40
377,fish,212
378,Mrs,961
379,nor,157
380,recognize,765
381,song,682
382,be,743
383,speech,790
384,politics,572
385,big,399
386,step,736
387,suggest,465
388,return,226
389,around,913
390,nearly,246
391,else,491
392,ball,919
393,particularly,552
394,huge,262
395,crime,154
396,agent,969
397,team,663
398,station,222
399,call,418
400,in,883
401,common,881
402,their,704
403,appear,112
404,enjoy,365
405,yard,35
406,child,854
407,thing,716
408,poor,244
409,cover,268
410,until,707
411,office,408
412,environmental,999
413,successful,828
414,offer,77
415,modern,309
416,but,664
417,give,149
418,back,352
419,east,354
420,strategy,992
421,case,312
422,data,940
423,often,953
424,top,386
425,red,15
426,in,180
427,response,124
428,wall,757
429,attack,717
430,front,729
431,bit,159
432,less,835
433,couple,872
434,certain,126
435,generation,999
436,between,228
437,degree,87
438,about,139
439,pull,98
440,wall,735
441,long,251
442,home,801
443,question,922
444,clear,603
445,five,953
446,follow,390
447,discover,372
448,yard,119
449,market,398
450,magazine,644
451,commercial,256
452,dog,987
453,everybody,489
454,fly,497
455,water,715
456,Mrs,804
457,amount,91
458,determine,615
459,floor,111
460,at,180
461,reach,652
462,school,720
463,indeed,360
464,scene,660
465,economy,973
466,girl,893
467,else,259
468,yeah,864
469,add,696
470,standard,159
471,actually,990
472,edge,597
473,I,334
474,teach,954
475,account,646
476,fight,520
477,within,624
478,new,467
479,arrive,307
480,Congress,438
481,dream,640
482,everybody,36
483,keep,308
484,modern,254
485,movement,62
486,tend,945
487,garden,204
488,career,804
489,ok,932
490,fall,599
491,we,178
492,democratic,575
493,test,787
494,throughout,479
495,official,838
496,box,888
497,buy,747
498,team,913
499,summer,429
500,onto,334
