Identifiant_Client,Nom_Client
1,Cheryl Barnes
2,Samuel Cox
3,Dylan Jones
4,Roger Gonzales
5,Nicholas Galvan
6,Tony Henderson
7,Ryan Wade
8,Austin Nguyen
9,Holly Cabrera
10,Brandon Johnson
11,Brooke Hughes
12,Katherine Schmidt
13,Austin Rodgers
14,Patricia Blair
15,Robert Lee
16,Jack Johnson
17,Ashlee Brown
18,Brandon Estrada
19,Cheryl Smith
20,Megan Boyer
21,Ryan Harris
22,Kenneth Sandoval
23,Samuel Morris
24,Mark Mcgee
25,Kaitlyn Lee
26,George Turner
27,Julian Bradley
28,Samantha James
29,James Ball
30,Larry Thompson IV
31,Mark Davis
32,Robert Owens
33,Amy Schmidt DDS
34,Cheryl Christensen
35,James Sullivan
36,Rebecca Boyer
37,Gary Powers
38,Ashley Rhodes
39,Dana Martinez
40,Randy Black
41,Glen Mcfarland
42,Jennifer Moore
43,Jasmin Patel
44,Brandy Jackson
45,Janice Perez MD
46,Courtney Ellis
47,Lee Scott
48,Angelica Hill
49,James Johnson
50,Christopher Hardin
51,Allison Foster
52,Kimberly Williamson
53,Christopher Robinson
54,Kenneth Suarez
55,Sharon Rubio
56,Christina Lambert
57,Zachary Harris
58,Joan Bell
59,Tracey Hall
60,Steven Ryan
61,Jonathan Lopez
62,Rebecca Hodges
63,Jonathon Riggs
64,Eileen Bennett
65,Karina Reyes
66,Crystal Contreras
67,Charles Simmons
68,Vicki Villanueva
69,Michelle Gibson
70,Zachary Foster
71,Phillip Moody
72,Jesse Duncan
73,Heather Bryant
74,Jeremy Armstrong
75,Andrew Weaver
76,Robin Simmons
77,Jeremiah Baird
78,Bradley Bartlett
79,Joel Thomas
80,John Pope
81,Molly Mays
82,Christopher Montes
83,Sarah Hill
84,Chris Duncan
85,Matthew Black
86,Ryan Hoffman
87,Steven Martin
88,Rose Hernandez
89,James Williams
90,Michelle Perry
91,Adam Parker
92,Collin Brown
93,Lindsay Williams
94,Mr. Ryan Miller
95,Brett Lucas
96,Ronald Yu
97,Natasha Larson
98,Linda Brown
99,Teresa Munoz
100,Ann Edwards
101,Theresa Williams
102,Jason Anderson
103,Brandon Roth
104,Brian Kim
105,Hailey Walker
106,Annette Terry
107,Aaron Kelly
108,Joshua Hart
109,Jeffery Hickman
110,Nicholas Rodriguez
111,Robert Krueger
112,Victoria Schwartz
113,Kimberly Malone
114,Casey Odom
115,Taylor Peterson
116,Alexander Martinez
117,Anthony Ward
118,Kelli Reed
119,Christy Allen DVM
120,Steven Jones
121,Kimberly Henry
122,Sara Brown
123,Penny Sutton
124,Ruth Russell
125,Sarah Greer
126,Emily Lawrence
127,David Chavez
128,Sharon Murphy
129,Mark Vincent
130,Jack Ramos
131,Lori Brown MD
132,Joseph Mcdaniel
133,David Day
134,Mrs. Brittney Colon DVM
135,Andrew Daniels
136,Jason Goodwin
137,Aimee Mendez
138,Sharon Richardson
139,Jason Castro
140,Shirley Thomas
141,Theresa Wagner
142,James Bell
143,Matthew Clayton
144,Sean Kelley
145,Caleb Contreras
146,Charlotte Hall
147,Ernest Perez
148,Lisa Hutchinson
149,Brent Duffy
150,Carla Miller
151,Kathleen Martinez
152,Kelli Fischer
153,Mary Brown
154,Annette Miller
155,Sharon Price
156,Brandi Knight
157,Jennifer Kelly
158,Sara Rice
159,Erik Schwartz
160,Oscar Mcbride
161,Sharon Morales
162,Matthew Chavez
163,Jennifer Cruz
164,Sydney Sanders
165,Miguel Juarez
166,Jessica King
167,Amy Moran
168,Jessica Williams
169,Andrew Richardson
170,Kimberly Perkins
171,Brent Rose
172,Amy Jenkins
173,Margaret Murray
174,Ray Ward
175,Brent Carr
176,Jeremiah Trevino
177,Larry Johnson
178,Michele Ford
179,Jesse Wilcox
180,Kimberly Tapia
181,Kimberly Higgins
182,Sally Cooper
183,Richard Bell
184,Audrey Short
185,Tammy White
186,Kimberly Pittman
187,Stephen Munoz
188,Noah Gamble
189,Joel Frazier
190,Katie Smith
191,Timothy Tucker
192,Christopher Miles
193,Vincent Wright
194,Marie Thompson
195,Matthew Howard
196,Derek Lee
197,Amanda Hayes
198,Sophia Rodriguez
199,Andrew Dunlap
200,Stephanie Pearson
201,Steven Jefferson
202,Victoria Fox
203,Crystal Curry
204,Holly Paul
205,Jessica Young
206,Christopher Spencer
207,Matthew Williams
208,Javier Nielsen
209,Michael Lee
210,Jesse Joseph
211,Michelle Little
212,Jennifer Craig
213,Kathleen Rivera
214,Ms. Ashley Adams
215,Christopher Williams
216,Patrick Burch
217,Kenneth Smith
218,John Mullins
219,Theresa Evans
220,Dr. Christopher Bautista
221,Benjamin Cowan
222,Sarah Hernandez
223,Billy Zimmerman
224,Samantha Hunter
225,Matthew Nguyen
226,Andrea Marquez
227,James Bauer
228,John Newton
229,Melissa Davis
230,William Mercado
231,Gary Martin
232,Jason Ward
233,Michael Davis
234,Alyssa Gonzalez
235,Samuel Hamilton
236,Marcus Roberts
237,Robert Lozano
238,Christina Powers
239,James Archer
240,Ms. Courtney Jones
241,Adam Gardner
242,Erin Mitchell
243,Steven Estes
244,Benjamin White
245,Jonathan Jones
246,Paul Mcdonald
247,Sarah Flynn
248,Jennifer Wilkinson
249,Thomas Mccoy
250,Crystal Hernandez
251,Roy Jackson
252,Paul Ruiz
253,Ronald Anderson
254,James Cox
255,Veronica Berg
256,Alexis Johnson
257,Christopher Higgins
258,Leslie Garcia
259,Danny Gomez
260,Matthew Stephens
261,Debra Wright
262,Dr. Angela Kline
263,Shane James
264,Danielle Adams
265,Heather Castillo
266,Howard Griffin
267,Ronald Lopez
268,Chad Murray
269,Kathryn Wood
270,Katherine Morris
271,Katie Mendoza
272,Zachary Johnson
273,Luke Bell
274,Lisa Allen
275,Deborah Fisher
276,Megan Gomez
277,Cynthia Weaver
278,Roger Hughes
279,Betty Brown
280,Bryan Jacobs
281,Kelly Jones
282,Carrie Mckinney
283,Kristen Gonzalez
284,Chloe Hall
285,Marvin Dennis
286,Mrs. Deborah Solis DDS
287,Todd Wright
288,Tyler Charles
289,Christopher Jackson
290,Anthony Moses
291,Jacob Miller
292,Linda Jones
293,Scott Green
294,Heather Mccoy
295,Douglas Foster
296,Jonathan Williams
297,Jared Hogan
298,Margaret Keller
299,Jimmy Villanueva
300,Jennifer Molina
301,Nicholas Crane
302,Dillon Marsh
303,Steven Perez
304,Mary Barker
305,Samantha Meyer
306,Robert Brown
307,Steven Williams
308,Victoria May
309,David Hopkins
310,Andrew Edwards Jr.
311,Wanda Murray
312,Larry Harris
313,Timothy Mcdonald
314,John Smith
315,Joanna Stein
316,Jeffrey Moran
317,Michael Brown
318,Michelle Bowman
319,Ashley Barker
320,Amy Douglas
321,Lydia Myers
322,Jenna Cantrell
323,John Holloway
324,Jeffrey Brooks
325,Summer Fisher
326,Courtney Sanders
327,Kimberly Harrison
328,Jacqueline Luna
329,Jennifer Beck
330,Margaret Smith
331,Nathan Clark
332,Debra Chang
333,Luke Lara
334,Sherry Sheppard
335,Kimberly Hammond
336,Tabitha Carter
337,Tiffany Williamson
338,Joseph Chandler
339,Carol George
340,Christina Peters
341,Timothy Walker
342,Dr. Nicole Murphy
343,Monica Warren
344,Joseph Coleman
345,Alicia Clayton
346,Nicole Murphy
347,Joe Brown
348,Jessica Dunlap
349,David Frye
350,Latoya Parsons
351,Andre Adams
352,Lauren Gordon
353,Jason Watkins
354,John White
355,Pamela Woodward
356,Michael Bailey
357,Christine Washington
358,Stephanie Allen
359,Sandy Olsen
360,Benjamin Callahan
361,Javier Miller
362,Robin Morgan
363,Haley Contreras
364,Raymond Herman
365,Amber Chan
366,Amber Wright
367,Tyler Davies
368,Richard West
369,April Ramsey
370,Mark Morris
371,Andrew Garcia
372,Aaron Hunter
373,Christopher Dunn DVM
374,Alyssa Thornton PhD
375,Christopher Wilson
376,Elizabeth Johnson
377,James Green
378,Joshua Davis
379,Jose Gonzalez
380,Ronald Hall
381,Barry Johnson
382,Derrick Miller
383,Wendy West
384,Dr. Tamara Daniel DDS
385,Ronald Peck
386,Zachary Cook
387,Dr. Amy Young
388,Jonathan Mcguire
389,Michelle Trujillo
390,Melissa Fernandez
391,Diane Walters
392,Sherry Hawkins
393,Randy Mcintyre
394,Aaron Gomez DVM
395,Jorge Tucker
396,Yvonne Gonzalez
397,Ms. Amanda Rice
398,Matthew Gray
399,Michael Kaufman
400,Nancy Cooper
401,Samantha Rogers
402,Emily Brooks
403,Gina Blevins
404,Steven Odom
405,Andrew Harris
406,Miranda Medina
407,Andrew Stewart
408,William Miller
409,Kyle Underwood
410,Nicole Mccormick
411,Nicholas Chavez
412,Amy Lara
413,Valerie Smith
414,Colin Scott
415,Anita Gilbert
416,David Jordan
417,Elizabeth Bailey
418,Todd Fox DVM
419,Travis Jenkins
420,Toni King
421,Rebecca Harris
422,Janet Hill
423,Daniel Howard
424,Andrew Morrow
425,Joe Adkins
426,Jeffrey Wilson
427,Lauren Miller
428,Clayton Garcia
429,Craig Thompson Jr.
430,Joe Moore
431,Nicole Burton
432,Nichole Sullivan
433,Ryan Ayala
434,Barbara Smith
435,Teresa Holden
436,Donald Glover
437,Tracey Smith
438,Lisa Ramirez
439,Brendan Howard
440,Erin Cruz
441,Jack Hoffman
442,Mrs. Dana Smith
443,David Jones
444,David Price
445,Catherine Scott
446,Joseph Gray
447,Patricia Washington
448,Jeffrey Smith
449,Taylor Turner
450,Judy Moore
451,Kathleen Bauer
452,John Johns
453,Sharon Castaneda
454,Mark Wallace
455,Charles Meyers
456,Mrs. Jasmine Rodgers
457,Sarah Mendoza
458,Nicole Avila
459,John Friedman
460,Andrea Jones
461,Natalie Conway
462,Alexander Sandoval
463,Emily Schroeder
464,Morgan Jones
465,Nicholas Zhang
466,Mckenzie Hart
467,Kimberly Haley
468,Shannon Brown
469,Brett Day MD
470,Brian Brown
471,James Ortiz
472,Patricia Fernandez
473,Ruth Hill
474,Jeffrey Baxter
475,Ashley Cordova
476,Sergio Clarke
477,Paula Nelson
478,Mason Gaines
479,Jonathan King
480,David Gray
481,Samantha Hall
482,Veronica Rios
483,James Hester
484,Marcus Garcia
485,Gregory Wright
486,Tommy Hansen
487,Fred Hart
488,Susan Johnson
489,Laura Johns
490,Linda Morris
491,Melissa Berg
492,Beth Walters
493,Sue Patel
494,Jennifer Williamson
495,Brandon Payne
496,Anna Clarke
497,Nathan Suarez
498,Christian Preston
499,April Kennedy MD
500,David Wilkinson
501,Daniel Edwards
502,Maria Holloway
503,Felicia Wolfe
504,Adam Wells
505,Evelyn Kennedy
506,Sharon Merritt
507,Maureen Francis
508,Ashley Johnson
509,Kyle Lin II
510,Jessica Smith
511,Manuel Henderson
512,Aaron Yang
513,Amanda Shields
514,Jaime Lyons
515,Mary Bailey
516,Lauren Daniels
517,Amanda Blair
518,Cody Welch
519,Brooke Fisher
520,Mary Phillips
521,Dana Wade
522,Matthew Shaw
523,Angel Harvey
524,Sheila Stevenson
525,Jack Walker
526,Ashley Mason
527,Anthony Garcia
528,Barbara Daugherty
529,William Brown
530,Dr. Eric Murphy DDS
531,Jared Young
532,Shannon Hall
533,Heather Pitts
534,Glenda Mills
535,William Morris
536,William Campos
537,Sarah Thomas
538,Holly Robles
539,Robert Davis
540,Lisa Russell
541,Danielle Bennett
542,Rachel Perez
543,Shelly Knight
544,Anthony Smith
545,Curtis Lopez
546,Tammy Walsh
547,Kristen Carter
548,Matthew Scott
549,Beth Miller
550,Justin Wright
551,Ricardo Taylor
552,Marcus Cooke
553,Amy Callahan
554,Barbara Ortiz
555,Craig Romero
556,Whitney Diaz
557,Emily Williams
558,Nathaniel Perez
559,David Lin
560,Joseph Rivera
561,Amanda Rodriguez
562,Harold Lindsey
563,Stephanie Case
564,Matthew Campbell
565,Randy Avila
566,Elizabeth Sparks
567,Jacob Thompson
568,Eric Fernandez
569,Brooke Keller
570,David Beard
571,Rachael Simpson
572,Megan Matthews
573,Joshua Edwards
574,Shawn Martin
575,Jacob Ellis
576,John Gordon
577,Pamela Maxwell
578,Karla Williamson
579,James Reyes
580,Brittney Phillips
581,Robin Nixon
582,Michael Berry
583,Stephen Dawson
584,Eddie Evans
585,Walter Durham
586,Brittany Mccoy
587,Terri Stone
588,Vanessa Jones
589,Mr. James Lane
590,Bradley Adams
591,Heather Nelson
592,Jennifer Le
593,Kathleen Atkinson
594,Juan Coffey
595,Ronnie Baker
596,Lisa King
597,Jesse Floyd
598,Craig Mcbride
599,Jeffery Mclaughlin
600,Michael Hart
601,Richard Harris
602,Nathan Acevedo
603,Jerry Dean
604,Sandra Patterson
605,Bryan Murray
606,Benjamin King
607,Collin Smith
608,Samantha Park
609,Steven Garcia
610,Ricardo Bryant
611,Michael Park
612,Mr. Joshua Clayton DDS
613,Kyle Rush
614,Heather Mcclain
615,Michele Martinez
616,Vickie Paul
617,Kyle Rich
618,James Krause
619,Kelsey Adams
620,Danielle Clark
621,Brenda Moore
622,Scott Anderson
623,Michael Webster
624,Joanna Randall
625,Robert Torres
626,Thomas Koch
627,Jessica Adams
628,Lisa Foster
629,Connor Mcpherson
630,Samuel Lin
631,Robert Figueroa
632,Shaun Mccann
633,Adam Ballard
634,Mary Michael
635,Jessica Edwards
636,David Coleman
637,Michael Fox
638,David Rodriguez
639,Brittany Aguilar
640,Tiffany Harris
641,Daniel Hoffman
642,Adam Anderson
643,Anthony Webb
644,Julia Irwin
645,Rebecca Pruitt
646,Eric Cooper
647,Kimberly Whitaker
648,Michaela Joseph
649,Mark Perez
650,Brittany Crosby
651,Christopher Munoz
652,Brian Ibarra
653,Mark Pena
654,Thomas Johnson
655,Matthew Price
656,Todd Frederick
657,Haley Reid
658,Travis Berry
659,David Brown
660,Christine Hart
661,Natasha Kelly
662,Ashley Wilson
663,Steven Jordan
664,Jared Martin
665,William Gardner
666,Norma Smith
667,Laura Powell
668,Shawn Hughes
669,Danielle Daniel
670,Anthony Perez
671,John Yates
672,Sean Young
673,Jennifer Chapman
674,Wesley Spencer
675,Tyler Bautista
676,Jason Lee
677,Andrea Mendoza
678,Tina Berg
679,Amanda Peterson PhD
680,Kathryn Miller
681,Maria Hawkins
682,Aaron Turner
683,Richard Woods
684,Sara Williams
685,Anthony Diaz
686,Kathryn Hernandez
687,Jane Jones
688,Terri Walker
689,Raymond Hooper
690,Lori Flores
691,Eric Ferguson
692,Stacy Gutierrez
693,Megan Brady
694,Michael Barron
695,Jay Jackson
696,Dawn Martin
697,Tina Townsend
698,Kimberly Park
699,Ralph Medina
700,Andrew Gregory
701,Nicole Meza
702,Sheena Williams
703,Gregory Holland
704,Amanda Carrillo
705,Rhonda Green
706,Kristin Pruitt
707,Thomas Dorsey
708,Carlos Potter
709,Alyssa Ferguson
710,Jeremiah Jordan
711,Danielle Landry
712,Daniel Rodriguez
713,Elizabeth Morse
714,Leonard Kirby
715,Christopher Smith
716,Mark Rojas
717,Lindsay Vasquez
718,Jennifer Burgess
719,Gary Hood
720,Paul Campbell
721,Krista Scott
722,Charlotte Hudson
723,Daniel Jackson
724,Andrew Richards
725,Steve Wood
726,Rebekah Kennedy
727,Rebecca Taylor
728,Charlene Rogers
729,Cynthia Barnes
730,Deborah Johnson
731,Heather Woodard
732,Erin Roth
733,Andrea Moreno
734,Erica Rose
735,Jason Rodriguez
736,Isabella Miller
737,Blake Matthews MD
738,Tanya Bailey
739,Stephen Bernard
740,Steven Gregory
741,Susan Rocha
742,Benjamin Myers
743,Theodore Smith
744,Michelle Vargas
745,Holly Sanders
746,David Wilson
747,Erika Ramirez
748,Terri Willis
749,Kylie Griffin
750,Mr. Douglas Cline
751,Edgar Garcia
752,Steven Hall
753,Brenda Mckinney
754,Alexis Austin
755,Angela Smith PhD
756,Cynthia Ruiz
757,William Ingram
758,Ryan Williams
759,Aaron Owens
760,Donald Johnson
761,Jennifer Vaughn
762,Jordan Burns
763,Leslie Osborne
764,Tamara Davila
765,Summer Ford DDS
766,Peter Quinn
767,Lydia Thomas
768,John Hernandez
769,Allison Barry
770,Amanda Harper
771,Valerie Gilbert
772,Heidi Clayton
773,Christopher Berry
774,David Guzman
775,Justin Jones
776,Richard Cole
777,Dennis Anthony
778,Nicholas Long
779,Kathy Miller
780,Tonya Jones
781,Jeffrey Craig
782,Brenda Mcdonald
783,Alexander Cunningham
784,Philip Lambert
785,Matthew Clayton
786,Chad Woods
787,Jordan Robbins
788,Katherine Reyes
789,Joann Hardin DDS
790,Charlotte Pineda
791,Rhonda Clark
792,Sheri Bond
793,Michael Schultz
794,Michael Murphy
795,Joshua Cabrera
796,Anthony King
797,Samantha Stout
798,Teresa Dawson
799,Anthony Peters
800,Douglas Wang
801,Charles Preston
802,David May
803,Brian Roy
804,Natalie Larson
805,Joseph Martin
806,Jeffrey Stewart
807,Kathleen Lucas
808,Tiffany Brooks
809,Robert Rivas
810,James Richardson
811,John Johnson
812,Austin Gonzalez
813,Katie Bird
814,George Graham
815,Michelle Payne
816,Peter Castillo
817,Tammy Fitzpatrick
818,Laura Lawrence
819,Thomas Henry
820,Donna Frey
821,Kenneth Rice
822,Alyssa Fitzpatrick
823,Timothy Evans
824,Kathryn Leach
825,Aaron Walker
826,David Noble
827,Chase Jones
828,Donald Green
829,James Lindsey
830,Casey Hughes
831,Paula Higgins
832,Christopher Hood
833,Rebecca Gray
834,Matthew Schmidt
835,Anthony Holloway
836,Rachel Martin
837,Kerry Dyer
838,Zachary Cantrell
839,Mark Lewis
840,Kaitlyn Crawford
841,Bethany Schneider
842,Stephanie Jennings
843,Teresa Perkins
844,Corey Prince
845,Robert Morris
846,Christina Hudson
847,Sherry Williams
848,Cristian Logan
849,Heather Acosta
850,Meredith Moore
851,Mrs. Jessica Parker PhD
852,Cynthia Moore
853,Jamie Fields
854,Amy Gray
855,Steven Webb
856,Brian Fox
857,Lindsey Vasquez
858,Michelle Green
859,Jeffrey Reyes
860,Michael Hart
861,John Ramos
862,Zachary Ryan
863,Jeffrey Smith
864,Tonya Gomez
865,Susan Morgan
866,Jill Silva
867,Casey Williams
868,Angela Hammond
869,Katie Ruiz
870,Rhonda Miller
871,Joshua Small
872,Lisa Johnson
873,Marcus Bauer
874,Dr. Mary Tate MD
875,Emily Martin
876,Roger Walker
877,Shelby Patterson
878,James Mitchell
879,Kayla Zimmerman
880,Angela Morgan
881,Katie Ward
882,Donna King
883,Amanda Higgins
884,Lindsey Manning
885,Kathryn Lee
886,Daniel Lawson
887,Michael Diaz
888,Jacqueline Simpson
889,Kenneth Charles
890,Ethan Hernandez
891,Taylor Mcmillan
892,Omar Wright
893,Scott Cunningham
894,Melissa Garcia
895,Robert Cervantes
896,Nathan Woods
897,Terri Jones
898,Jennifer Wallace
899,Samantha Jenkins
900,Manuel Reese
901,Heather Jones
902,Veronica Burch
903,Timothy Brown
904,Kenneth Wells
905,Sabrina Harris
906,Joshua Oliver
907,Sharon Williams
908,Jonathan Porter
909,Connie Cook
910,Nicole Oconnor
911,William Jensen
912,Jennifer Quinn
913,Isabella Jackson
914,Aaron Russell
915,Jacob Jefferson
916,Edward Moore
917,Christopher Ellison
918,Angel White
919,Jennifer Watts
920,Amy Cohen
921,Ryan Miranda
922,Linda Carrillo
923,Kristina Guerrero
924,Angel Cole
925,Daniel Valenzuela
926,Jenna Hernandez
927,Tyler Lopez
928,Kyle Hill
929,Sheila Pham
930,Zachary Johnson
931,Michael Jones
932,Jessica Robertson
933,Philip Russell
934,Carl Ramos
935,Laurie Garcia
936,Dr. Bradley Anderson
937,Nicholas Hansen III
938,Brittany Wilson
939,Craig Mendoza
940,Raymond Cervantes
941,Victoria Miller
942,Veronica Davis
943,Richard Tucker
944,Jacob Young
945,George Fuller
946,Joanne Gomez
947,Sarah Gillespie
948,Thomas Ford
949,Barbara Thomas
950,Derek Clark
951,Melissa Rhodes
952,Eric Nguyen
953,Brandon Howard
954,Mary Alexander
955,Nancy Boyd
956,Lisa Le
957,Denise Clark
958,Chelsea Nguyen
959,Jeffery Rodriguez
960,Kyle Bean
961,Alexandra Tucker
962,Angela Griffith
963,Kristen Duncan MD
964,Mr. Gary Wood MD
965,Nicholas Brown
966,Jordan Hardin
967,Alexis Weber
968,Sarah Chapman
969,Amanda White
970,Rachel Hunt
971,Joseph Hernandez
972,Richard Morris
973,Melissa Brown
974,Laura Douglas
975,Jamie Cross
976,Brian Nguyen
977,Kenneth Bowman
978,Billy Horton
979,Aaron Bishop
980,Margaret Flores
981,Dr. William Hall MD
982,Alexander Burns
983,William Dominguez PhD
984,Marvin Mcdonald
985,Bridget Spencer
986,Lisa Wallace
987,Joseph Tran
988,Eric Harris
989,Christopher Nash
990,Patrick Rivera
991,Ryan Gonzalez
992,Rachel Wood
993,Aaron Thomas
994,Travis Ruiz
995,Caitlin Davis
996,Tonya Melendez
997,Ashley Smith
998,Mark Gonzalez
999,Joshua Sosa
1000,Fred Willis Jr.
